statenm,state,reformwt,leadindx,ranney,simple,compound,termrank,culture,ideology,fiscalin,lwv_act,ffactor,residvot,ffrxrv,commrec
NJ,30.0,3.06,3.0,0.979,0.0,1.0,0.0,0.0,3.47,113.6184,0.0,16.423,3.24,87.57072,0.0
WV,48.0,2.26,1.0,0.811,0.0,0.0,0.0,0.0,3.89,113.6439,0.0,6.484,1.86,68.75862,0.0
NC,33.0,4.5,1.0,0.881,0.0,0.0,0.0,0.0,3.73,101.8209,0.0,12.928,3.54,108.0514,0.0
WY,50.0,2.24,0.5,0.784,0.0,0.0,1.0,0.0,3.68,108.882,0.0,41.965,3.59,5.334739,0.0
LA,18.0,1.5,1.0,0.923,1.0,0.0,1.0,0.0,3.8,108.5385,0.0,7.878,0.67,23.83391,0.0
MI,22.0,4.26,1.0,0.889,0.0,0.0,1.5,1.0,3.54,92.9038,1.0,5.269,1.11,42.38202,0.0
MT,26.0,1.74,1.0,0.814,0.0,0.0,1.5,1.0,3.28,104.3554,1.0,27.313,1.65,26.6277,0.0
KS,16.0,2.72,0.5,0.784,0.0,0.0,0.0,1.0,3.55,85.4498,0.0,21.834,2.21,47.77357,0.0
SD,41.0,5.12,0.5,0.747,0.0,0.0,1.5,1.0,3.55,117.8723,0.0,23.229,1.82,36.80404,0.0
OK,36.0,1.68,0.5,0.93,1.0,0.0,1.0,0.0,3.98,111.6449,0.0,22.161,0.81,17.2449,0.0
TX,43.0,4.18,1.5,0.878,0.0,1.0,0.0,0.0,3.79,101.2976,1.0,21.913,1.02,21.96876,0.0
KY,17.0,3.5,0.0,0.871,0.0,1.0,0.0,0.0,3.73,107.0371,0.0,15.456,2.2,61.589,0.0
IL,13.0,0.0,1.0,0.981,0.0,1.0,0.0,0.0,3.26,104.8216,0.0,12.36,3.85,119.7003,0.0
AZ,3.0,2.0,0.5,0.848,0.0,1.0,1.5,0.0,3.33,90.3504,1.0,6.565,1.76,64.91936,0.0
NV,28.0,3.12,1.0,0.915,0.0,1.0,1.0,0.0,3.46,98.4714,0.0,3.714,1.26,50.06862,0.0
CA,5.0,3.98,2.0,0.818,0.0,0.0,1.5,1.0,3.32,103.2913,0.0,12.406,1.59,49.36155,0.0
ME,19.0,1.6,0.5,0.963,1.0,0.0,1.5,1.0,3.53,90.7545,1.0,5.496,1.6,60.728,0.0
IA,15.0,3.02,1.0,0.935,1.0,0.0,0.0,1.0,3.61,83.5716,0.0,0.326,1.05,45.28125,0.0
CT,7.0,0.0,1.5,0.933,0.0,1.0,0.0,0.0,3.25,97.5878,1.0,18.511,0.99,24.6906,0.0
AR,4.0,2.14,0.5,0.843,1.0,0.0,1.5,0.0,4.01,97.4832,1.0,5.601,1.68,63.58799,0.0
WI,49.0,1.38,1.5,0.924,0.0,1.0,0.0,1.0,3.52,75.7365,0.0,0.23,0.9,38.8989,0.0
DE,8.0,0.0,0.0,0.949,0.0,1.0,0.0,0.0,3.33,118.6118,1.0,13.48,1.56,46.75476,0.0
WA,47.0,2.48,1.0,0.943,0.0,0.0,0.0,1.0,3.3,84.9846,0.0,5.89,1.31,49.20491,0.0
MN,23.0,2.52,1.5,0.952,0.0,1.0,0.0,1.0,3.46,106.1891,0.0,2.573,0.79,32.29362,0.0
GA,10.0,7.08,1.5,0.901,0.0,0.0,0.0,0.0,3.94,90.6313,1.0,11.968,3.99,125.6172,0.0
RI,39.0,3.0,1.0,0.8,1.0,0.0,0.0,0.0,3.27,102.4778,0.0,31.298,1.63,19.80939,0.0
ND,34.0,0.96,0.0,0.854,0.0,0.0,0.0,1.0,3.72,116.401,0.0,29.455,1.31,18.33476,0.0
MA,21.0,0.0,1.5,0.806,1.0,0.0,0.0,0.0,3.05,90.3464,0.0,29.579,1.28,17.75616,0.0
NM,31.0,3.34,1.0,0.883,1.0,0.0,0.0,0.0,3.43,99.1876,0.0,0.064,2.68,116.2772,0.0
AL,1.0,0.5,1.0,0.816,0.0,0.0,0.0,0.0,4.01,106.8293,0.0,15.214,0.65,18.35405,0.0
NH,29.0,0.0,0.0,0.858,1.0,0.0,0.0,1.0,3.5,103.7084,0.0,1.336,1.88,79.1762,0.0
TN,42.0,1.82,1.5,0.924,1.0,0.0,0.0,0.0,3.77,94.3386,0.0,3.926,1.48,58.497,0.0
VT,45.0,2.02,0.0,0.915,0.0,1.0,0.0,1.0,3.32,93.2414,1.0,10.881,1.76,57.3232,0.0
UT,44.0,4.1,1.5,0.749,0.0,0.0,0.0,1.0,3.44,98.6836,0.0,43.451,1.81,-3.87e-07,0.0
AK,2.0,1.06,0.0,0.84,1.0,0.0,0.0,0.0,3.4,68.3717,0.0,35.874,0.8,6.0616,0.0
HI,11.0,0.0,0.0,0.765,0.0,0.0,0.0,0.0,3.39,97.042,1.0,19.655,0.83,19.75068,4.0
MS,24.0,2.72,1.0,0.784,0.0,0.0,0.0,0.0,3.76,99.706,0.0,17.211,5.1,133.824,5.0
OR,37.0,2.32,1.5,0.961,1.0,0.0,0.0,1.0,3.49,111.6248,1.0,0.472,1.84,79.08136,5.0
ID,12.0,1.94,1.0,0.667,0.0,0.0,0.0,1.0,3.61,106.7541,1.0,41.697,2.91,5.104144,8.0
CO,6.0,4.04,1.5,0.917,0.0,1.0,1.5,1.0,3.3,126.0648,1.0,8.972,1.43,49.30497,10.0
SC,40.0,0.86,1.0,0.935,1.0,0.0,0.0,0.0,3.81,93.2878,1.0,16.306,3.51,95.27895,10.0
NE,27.0,1.64,0.5,0.865,1.0,0.0,0.0,0.0,3.75,97.2625,1.0,30.359,1.42,18.59064,11.0
VA,46.0,4.44,0.5,0.885,1.0,0.0,0.0,0.0,3.79,84.9684,0.0,8.294,1.91,67.14987,11.0
PA,38.0,2.64,2.5,0.856,0.0,0.0,0.0,0.0,3.58,89.122,1.0,4.297,1.38,54.03252,13.0
NY,32.0,0.36,1.5,0.935,0.0,1.0,0.0,0.0,3.25,105.4785,1.0,26.176,2.01,34.72275,14.0
IN,14.0,7.76,2.0,0.986,0.0,1.0,0.0,0.0,3.54,96.2161,0.0,16.01,3.18,87.26238,15.0
MD,20.0,4.74,3.0,0.798,0.0,0.0,0.0,0.0,3.22,97.4613,1.0,16.942,0.7,18.5563,15.0
OH,35.0,1.84,1.5,0.789,0.0,0.0,1.5,0.0,3.45,110.281,1.0,3.637,1.96,78.03544,15.0
MO,25.0,4.28,1.0,0.968,0.0,1.0,1.5,0.0,3.42,106.5958,1.0,3.424,1.59,63.64293,21.0
FL,9.0,9.7,3.0,0.802,0.0,0.0,1.5,0.0,3.78,92.2526,0.0,0.009,2.95,128.1539,25.0
